# This is a mapping of names to be translated through translate-contributors.py
# The format expected on each line should be: <GitHub ID> - <full name>
012huang - Weiyi Huang
07ARB - Ankit Raj Boudh
10110346 - Xian Liu
979969786 - Yuming Wang
Achuth17 - Achuth Narayan Rajagopal
Adamyuanyuan - Adam Wang
AiHe - Ai He
Andrew-Crosby - Andrew Crosby
AngersZhuuuu - Yi Zhu
BenFradet - Ben Fradet
Bilna - Bilna P
ClassNotFoundExp - Fu Xing
CodingCat - Nan Zhu
CrazyJvm - Chao Chen
Deegue - Yizhong Zhang
DoingDone9 - Doing Done
DylanGuedes - Dylan Guedes
Earne - Ernest
EugenCepoi - Eugen Cepoi
FavioVazquez - Favio Vazquez
FlytxtRnD - Meethu Mathew
GenTang - Gen TANG
GraceH - Jie Huang
Gschiavon - German Schiavon Matteo
GuoPhilipse - Philipse Guo
HeartSaVioR - Jungtaek Lim
Hellsen83 - Erik Christiansen
HyukjinKwon - Hyukjin Kwon
Icysandwich - Icysandwich
JDrit - Joseph Batchik
JasonWayne - Wenjie Wu
JaysonSunshine - Jayson Sunshine
JerryLead - Lijie Xu
JiahuiJiang - Jiahui Jiang
JkSelf - Ke Jia
JoanFM - Joan Fontanals
JoshRosen - Josh Rosen
JuhongPark - Juhong Park
JulienPeloton - Julien Peloton
KaiXinXiaoLei - KaiXinXIaoLei
KevinGrealish - Kevin Grealish
KevinZwx - Kevin Zhang
Koraseg - Artem Kupchinskiy
KyleLi1985 - Liang Li
LantaoJin - Lantao Jin
Lemonjing - Rann Tao
Leolh - Liu Hao
Lewuathe - Kai Sasaki
LiShuMing - Shuming Li
LinhongLiu - Linhong Liu
Liuchang0812 - Liu Chang
LucaCanali - Luca Canali
LuciferYang - Yang Jie
MasterDDT - Mitesh Patel
MaxGekk - Maxim Gekk
MechCoder - Manoj Kumar
NamelessAnalyst - NamelessAnalyst
Ngone51 - Yi Wu
OopsOutOfMemory - Sheng Li
PavithraRamachandran - Pavithra Ramachandran
Peishen-Jia - Peishen Jia
RongGu - Rong Gu
Rosstin - Rosstin Murphy
SaintBacchus - Huang Zhaowei
Sephiroth-Lin - Sephiroth Lin
Shiti - Shiti Saxena
SongYadong - Yadong Song
TJX2014 - Jinxin Tang
TigerYang414 - David Yang
TomokoKomiyama - Tomoko Komiyama
TopGunViper - TopGunViper
Udbhav30 - Udbhav Agrawal
Victsm - Min Shen
VinceShieh - Vincent Xie
WangGuangxin - Guangxin Wang
WangTaoTheTonic - Wang Tao
WeichenXu123 - Weichen Xu
William1104 - William Wong
XD-DENG - Xiaodong Deng
XuTingjun - Tingjun Xu
YanTangZhai - Yantang Zhai
Yikf - Kaifei Yi
YongjinZhou - Yongjin Zhou
Yunni - Yun Ni
aai95 - Aleksei Izmalkin
aaruna - Aaruna Godthi
actuaryzhang - Wayne Zhang
adrian555 - Weiqiang Zhuang
ajithme - Ajith S
akonopko - Alexander Konopko
alexdebrie - Alex DeBrie
alicegugu - Gu Huiqin Alice
allisonwang-db - Allison Wang
alokito - Alok Saldanha
alyaxey - Alex Slusarenko
amanomer - Aman Omer
ameyc - Amey Chaugule
anabranch - Bill Chambers
anantasty - Anant Asthana
ancasarb - Anca Sarb
anchovYu - Xinyi Yu
andrewor14 - Andrew Or
aniketbhatnagar - Aniket Bhatnagar
animeshbaranawal - Animesh Baranawal
ankuriitg - Ankur Gupta
aokolnychyi - Anton Okolnychyi
arahuja - Arun Ahuja
arucard21 - Riaas Mokiem
ashangit - Nicolas Fraison
attilapiros - Attila Zsolt Piros
avkgh - Aleksandr Kashkirov
avulanov - Alexander Ulanov
ayudovin - Artsiom Yudovin
azagrebin - Andrey Zagrebin
baishuo - Shuo Bai
bartosz25 - Bartosz Konieczny
beliefer - Jiaan Geng
bettermouse - Chen Hao
biglobster - Liang Ke
bravo-zhang - Bravo Zhang
brkyvz - Burak Yavuz
bscan - Brian Scannell
bzz - Alexander Bezzubov
cafreeman - Chris Freeman
caneGuy - Kang Zhou
cchung100m - Neo Chien
cclauss - Christian Clauss
cenyuhai - Yuhai Cen
chakravarthiT - Chakravarthi
chandulal - Chandu Kavar
chaoslawful - Xiaozhe Wang
chesterxgchen - Chester Chen
chiragaggarwal - Chirag Aggarwal
chitralverma - Chitral Verma
chouqin - Qiping Li
cjn082030 - Juanni Chen
cloud-fan - Wenchen Fan
cluo512 - Chuan Luo
cocoatomo - Tomohiko K.
codeatri - Neha Patil
codeborui - codeborui
coderfi - Fairiz Azizi
coderxiang - Shuo Xiang
codlife - Jianfei Wang
colinmjj - Colin Ma
crafty-coder - Carlos Pena
cxzl25 - Shaoyun Chen
cyq89051127 - Yongqiang Chai
darrentirto - Darren Tirto
david-weiluo-ren - Weiluo (David) Ren
daviddingly - Xiaoyuan Ding
davidvrba - David Vrba
davies - Davies Liu
dding3 - Ding Ding
debugger87 - Chaozhong Yang
deepyaman - Deepyaman Datta
denglingang - Lingang Deng
dengziming - dengziming
deshanxiao - deshanxiao
dima-asana - Dima Kamalov
dlindelof - David Lindelof
dobashim - Masaru Dobashi
dongjoon-hyun - Dongjoon Hyun
e-dorigatti - Emilio Dorigatti
eatoncys - Yanshan Chen
ehnalis - Zoltan Zvara
emres - Emre Sevinc
epahomov - Egor Pahomov
eric-maynard - Eric Maynard
falaki - Hossein Falaki
fan31415 - Yijie Fan
fe2s - Oleksiy Dyagilev
felixalbani - Felix Albani
felixcheung - Felix Cheung
feynmanliang - Feynman Liang
fidato13 - Tarun Kumar
fitermay - Yuli Fiterman
fjh100456 - Jinhua Fu
fjiang6 - Fan Jiang
francis0407 - Mingcong Han
freeman-lab - Jeremy Freeman
frreiss - Fred Reiss
fuwhu - Fuwang Hu
gasparms - Gaspar Munoz
gatorsmile - Xiao Li
gchen - Guancheng Chen
gss2002 - Greg Senia
guowei2 - Guo Wei
guoxiaolongzte - Xiaolong Guo
haiyangsea - Haiyang Sea
hayashidac - Chie Hayashida
hddong - Dongdong Hong
heary-cao - Xuewen Cao
hehuiyuan - hehuiyuan
helenyugithub - Helen Yu
hhbyyh - Yuhao Yang
highmoutain - highmoutain
hlin09 - Hao Lin
hqzizania - Qian Huang
hseagle - Peng Xu
httfighter - Tiantian Han
huangtianhua - huangtianhua
huangweizhe123 - Weizhe Huang
hvanhovell - Herman Van Hovell
iRakson - Rakesh Raushan
igorcalabria - Igor Calabria
imback82 - Terry Kim
industrial-sloth - Jascha Swisher
invkrh - Hao Ren
itholic - Haejoon Lee
ivoson - Tengfei Huang
jackylee-ch - Junqing Li
jackylk - Jacky Li
jagadeesanas2 - Jagadeesan A S
javadba - Stephen Boesch
javierivanov - Javier Fuentes
jayunit100 - Jay Vyas
jbencook - Ben Cook
jeanlyn - Jean Lyn
jerluc - Jeremy A. Lucas
jerryshao - Saisai Shao
jiangxb1987 - Jiang Xingbo
jinxing64 - Jin Xing
jisookim0513 - Jisoo Kim
jkbradley - Joseph Bradley
joelgenter - Joel Genter
josepablocam - Jose Cambronero
jrabary - Jaonary Rabarisoa
judynash - Judy Nash
junyangq - Junyang Qian
kai-zeng - Kai Zeng
kaka1992 - Chen Song
ketank-new - Ketan Kunde
krishnakalyan3 - Krishna Kalyan
ksonj - Kalle Jepsen
kul - Kuldeep
kuromatsu-nobuyuki - Nobuyuki Kuromatsu
laskfla - Keith Sun
lazyman500 - Dong Xu
lcqzte10192193 - Chaoqun Li
leahmcguire - Leah McGuire
leanken - Leanken Lin
lee19 - Lee
leoluan2009 - Xuedong Luan
liangxs - Xuesen Liang
lianhuiwang - Lianhui Wang
lidinghao - Li Hao
ligangty - Gang Li
linbojin - Linbo Jin
linehrr - Ryne Yang
linzebing - Zebing Lin
lipzhu - Lipeng Zhu
lirui-intel - Rui Li
liu-zhaokun - Zhaokun Liu
liucht-inspur - liucht-inspur
liujiayi771 - Jiayi Liu
liupc - Pengcheng Liu
liutang123 - Lijia Liu
liwensun - Liwen Sun
lockwobr - Brian Lockwood
luluorta - Lu Lu
luogankun - Gankun Luo
lw-lin - Liwei Lin
maheshk114 - Mahesh Kumar Behera
maji2014 - Derek Ma
manuzhang - Manu Zhang
mareksimunek - Marek Simunek
maropu - Takeshi Yamamuro
marsishandsome - Liangliang Gu
maryannxue - Maryann Xue
masa3141 - Masahiro Kazama
mbittmann - Mark Bittmann
mbonaci - Marko Bonaci
mccheah - Matthew Cheah
mcteo - Thomas Dunne
mdianjun - Dianjun Ma
meawoppl - Matthew Goodman
medale - Markus Dale
mengxr - Xiangrui Meng
merrily01 - Ruilei Ma
mingyukim - Mingyu Kim
mn-mikke - Marek Novotny
mob-ai - mob-ai
mosessky - mosessky
mpjlu - Peng Meng
msannell - Michael Sannella
mu5358271 - Shuheng Dai
mwlon - Martin Loncaric
myroslavlisniak - Myroslav Lisniak
nandorKollar - Nandor Kollar
nartz - Nathan Artz
navis - Navis Ryu
neggert - Nic Eggert
nemccarthy - Nathan McCarthy
nishkamravi2 - Nishkam Ravi
noel-smith - Noel Smith
nooberfsh - nooberfsh
npoggi - Nicolas Poggi
nxwhite-str - Nate Crosswhite
nyaapa - Arsenii Krasikov
odedz - Oded Zimerman
oleg-smith - Oleg Kuznetsov
ozancicek - Ozan Cicekci
panbingkun - BingKun Pan
pengbo - Peng Bo
petermaxlee - Peter Lee
petz2000 - Patrick Baier
pgandhi999 - Parth Gandhi
phalodi - Sandeep Purohit
phatak-dev - Madhukara Phatak
pkch - pkch
planga82 - Pablo Langa Blanco
pparkkin - Paavo Parkkinen
prabeesh - Prabeesh K
praneetsharma - Praneet Sharma
priyankagargnitk - Priyanka Garg
ptkool - Michael Styles
qb-tarushg - Tarush Grover
qiansl127 - Shilei Qian
rahulpalamuttam - Rahul Palamuttam
rakeshchalasani - Rakesh Chalasani
ravipesala - Ravindra Pesala
redsanket - Sanket Reddy
redsk - Nicola Bova
rekhajoshm - Rekha Joshi
rimolive - Ricardo Martinelli De Oliveira
roland1982 - Roland Pogonyi
rongma1997 - Rong Ma
rowan000 - Rowan Chattaway
roxchkplusony - Victor Tso
rrusso2007 - Rob Russo
sadhen - Darcy Shen
samsetegne - Samuel L. Setegne
sandeep-katta - Sandeep Katta
sangramga - Sangram Gaikwad
sarthfrey - Sarth Frey
sarutak - Kousuke Saruta
scwf - Wang Fei
seancxmao - Chenxiao Mao
seayi - Xiaohua Yi
seayoun - Haiyang Yu
sel - Steve Larkin
sethah - Seth Hendrickson
sev7e0 - Jiaqi Li
shahidki31 - Shahid K I
sharangk - Sharanabasappa G Keriwaddi
sharkdtu - Xiaogang Tu
sheepstop - Ting Yang
shenh062326 - Shen Hong
shimamoto - Takako Shimamoto
shimingfei - Shiming Fei
shivsood - Shiv Prashant Sood
shivusondur - Shivakumar Sondur
sigmoidanalytics - Mayur Rustagi
sisihj - June He
sitegui - Guilherme Souza
skonto - Stavros Kontopoulos
slamke - Sun Ke
small-wang - Wang Wei
southernriver - Liang Chen
squito - Imran Rashid
stanzhai - Stan Zhai
stczwd - Jackey Lee
sujith71955 - Sujith Chacko
surq - Surong Quan
suxingfate - Xinglong Wang
suyanNone - Su Yan
szheng79 - Shuai Zheng
tanelk - Tanel Kiis
tedyu - Ted Yu
teeyog - Yong Tian
texasmichelle - Michelle Casbon
tianyi - Yi Tian
tien-dungle - Tien-Dung Le
tigerquoll - Dale Richardson
tinhto-000 - Tin Hang To
tools4origins - tools4origins
triplesheep - triplesheep
trystanleftwich - Trystan Leftwich
turboFei - Fei Wang
ueshin - Takuya Ueshin
ulysses-you - Xiduo You
uncleGen - Uncle Gen
uzadude - Ohad Raviv
uzmijnlm - Weizhe Huang
vinodkc - Vinod KC
viper-kun - Xu Kun
wForget - Zhen Wang
wackxu - Shiwei Xu
wangjiaochun - Jiaochun Wang
wangshisan - wangshisan
wangxiaojing - Xiaojing Wang
watermen - Yadong Qi
weixiuli - XiuLi Wei
wenfang6 - wenfang6
wenxuanguan - wenxuanguan
williamhyun - William Hyun
windpiger - Song Jun
witgo - Guoqiang Li
woudygao - Woudy Gao
x1- - Yuri Saito
xianyinxin - Xianyin Xin
xinyunh - Xinyun Huang
xuanyuanking - Yuanjian Li
xubo245 - Bo Xu
xuchenCN - Xu Chen
xueyumusic - Xue Yu
yanlin-Lynn - Yanlin Wang
yaooqinn - Kent Yao
yongtang - Yong Tang
ypcat - Pei-Lun Lee
yucai - Yucai Yu
yunzoud - Yun Zou
zapletal-martin - Martin Zapletal
zero323 - Maciej Szymkiewicz
zhangjiajin - Zhang JiaJin
zhengruifeng - Ruifeng Zheng
zhichao-li - Zhichao Li
zhipengmao-db - Zhipeng Mao
zjf2012 - Jiafu Zhang
zsxwing - Shixiong Zhu
zuotingbing - Tingbing Zuo
zuxqoj - Shekhar Bansal
zzcclp - Zhichao Zhang
